{
  "greet": {
    "precision": 0.8076923076923077,
    "recall": 0.9545454545454546,
    "f1-score": 0.875,
    "support": 22,
    "confused_with": {
      "bot_challenge": 1
    }
  },
  "thanks": {
    "precision": 1.0,
    "recall": 1.0,
    "f1-score": 1.0,
    "support": 18,
    "confused_with": {}
  },
  "bot_challenge": {
    "precision": 0.7894736842105263,
    "recall": 1.0,
    "f1-score": 0.8823529411764706,
    "support": 15,
    "confused_with": {}
  },
  "stop_form": {
    "precision": 0.9285714285714286,
    "recall": 0.8125,
    "f1-score": 0.8666666666666666,
    "support": 16,
    "confused_with": {
      "greet": 1,
      "goodbye": 1
    }
  },
  "ask_for_recipe": {
    "precision": 0.9285714285714286,
    "recall": 0.8666666666666667,
    "f1-score": 0.896551724137931,
    "support": 15,
    "confused_with": {
      "bot_challenge": 2
    }
  },
  "affirm": {
    "precision": 0.9375,
    "recall": 0.8333333333333334,
    "f1-score": 0.8823529411764706,
    "support": 18,
    "confused_with": {
      "greet": 2,
      "inform": 1
    }
  },
  "goodbye": {
    "precision": 0.8888888888888888,
    "recall": 0.8421052631578947,
    "f1-score": 0.8648648648648649,
    "support": 19,
    "confused_with": {
      "inform": 1,
      "greet": 1
    }
  },
  "inform": {
    "precision": 0.9375,
    "recall": 0.9375,
    "f1-score": 0.9375,
    "support": 32,
    "confused_with": {
      "greet": 1,
      "ask_for_recipe": 1
    }
  },
  "deny": {
    "precision": 1.0,
    "recall": 0.8666666666666667,
    "f1-score": 0.9285714285714286,
    "support": 15,
    "confused_with": {
      "stop_form": 1,
      "goodbye": 1
    }
  },
  "accuracy": 0.9058823529411765,
  "macro avg": {
    "precision": 0.9131330819927312,
    "recall": 0.9014797093744463,
    "f1-score": 0.9037622851770925,
    "support": 170
  },
  "weighted avg": {
    "precision": 0.9127114070999519,
    "recall": 0.9058823529411765,
    "f1-score": 0.9061387849915471,
    "support": 170
  },
  "micro avg": {
    "precision": 0.9058823529411765,
    "recall": 0.9058823529411765,
    "f1-score": 0.9058823529411765,
    "support": 170
  }
}